PostID,Subreddit,Title,Author,URL
1abc123,DesignJobs,"[Hiring] Graphic Designer Needed",alice,https://reddit.com/r/DesignJobs/comments/1abc123/
1def456,artcommissions,"[For Hire] Illustrator for Comics",bob,https://reddit.com/r/artcommissions/comments/1def456/
1nly538,HungryArtists,[Hiring] Need logo converted to SVG file. ($20),Battle0311,https://reddit.com/r/HungryArtists/comments/1nly538/hiring_need_logo_converted_to_svg_file_20/
1nlsbia,DesignJobs,[HIRING] German Designers,paulineschmalfeldt,https://reddit.com/r/DesignJobs/comments/1nlsbia/hiring_german_designers/
1nlkgsp,DesignJobs,[HIRING] Graphic Designer for UI/UX for Newly Designed Website,SynapsePayments,https://reddit.com/r/DesignJobs/comments/1nlkgsp/hiring_graphic_designer_for_uiux_for_newly/
1nlfvef,DesignJobs,[HIRING] Logo Design and Branding Help,TurbulentMention2522,https://reddit.com/r/DesignJobs/comments/1nlfvef/hiring_logo_design_and_branding_help/
1nlxt4b,artcommission,Free Request,FirasAlkasah,https://reddit.com/r/artcommission/comments/1nlxt4b/free_request/
1nlxt4b,Artcommission,Free Request,FirasAlkasah,https://reddit.com/r/artcommission/comments/1nlxt4b/free_request/
1nlsi6v,ComicBookCollabs,Amateur digital artist looking for inking practice! [Free inking],Biohazard-Acid,https://reddit.com/r/ComicBookCollabs/comments/1nlsi6v/amateur_digital_artist_looking_for_inking/
1nlq05w,ComicBookCollabs,Looking for manga artist,Consistent_Neat9044,https://reddit.com/r/ComicBookCollabs/comments/1nlq05w/looking_for_manga_artist/
1mrosp5,Commissions_,"[For Hire] Illustrator looking for work! OCs, splash art, chibi, fanart, DnD, game art and more („Å£ÀòœâÀòœÇ )",GummyBearGremlin,https://reddit.com/r/Commissions_/comments/1mrosp5/for_hire_illustrator_looking_for_work_ocs_splash/
1n1xa71,HungryArtistsFed,[POS] u/Euli_Art is an amazing artist that deserves more attention,SBK774,https://reddit.com/r/HungryArtistsFed/comments/1n1xa71/pos_ueuli_art_is_an_amazing_artist_that_deserves/
1nlyz66,starvingartists,[for hire]I want many people to see my paintings/I need help,motoi_tohma,https://reddit.com/r/starvingartists/comments/1nlyz66/for_hirei_want_many_people_to_see_my_paintingsi/
1nlzj1x,Artistsforhire,"Looking For An Artist from Dublin, Ireland to help with our band logo [hiring]",EnvironmentOld6428,https://reddit.com/r/Artistsforhire/comments/1nlzj1x/looking_for_an_artist_from_dublin_ireland_to_help/
1nm0kmt,DesignJobs,[FOR HIRE] Branding &amp; Graphic Design,Numerous_Boat8346,https://reddit.com/r/DesignJobs/comments/1nm0kmt/for_hire_branding_graphic_design/
1nm0cqy,ComicBookCollabs,Looking for Collaboration on My Original Dark Superhero Comic ‚Äì Black Crow,Friendly_Repeat_7436,https://reddit.com/r/ComicBookCollabs/comments/1nm0cqy/looking_for_collaboration_on_my_original_dark/
1nm0zss,ComicBookCollabs,Looking for a collaborator in your area? 24-Hour Comic Book Day might be a solution,ReeveStodgers,https://reddit.com/r/ComicBookCollabs/comments/1nm0zss/looking_for_a_collaborator_in_your_area_24hour/
1nm1zor,ComicBookCollabs,Author looking for artists,nicolatyche,https://reddit.com/r/ComicBookCollabs/comments/1nm1zor/author_looking_for_artists/
1nm2jwx,DesignJobs,[Hiring] freelancers for my Agency.,justberries23,https://reddit.com/r/DesignJobs/comments/1nm2jwx/hiring_freelancers_for_my_agency/
1nm2gns,ComicBookCollabs,Artists Needed For a Unique Sci-Fi/Fantasy Universe,SignificanceFlat5875,https://reddit.com/r/ComicBookCollabs/comments/1nm2gns/artists_needed_for_a_unique_scififantasy_universe/
1nm2vi7,Artistsforhire,[HIRING] I‚Äôm looking for someone able to crochet this outfit by February,ashtognxla,https://reddit.com/r/Artistsforhire/comments/1nm2vi7/hiring_im_looking_for_someone_able_to_crochet/
1nm31sg,FurryCommissions,Commissions are open !!! &lt;3,G_Woro,https://reddit.com/r/FurryCommissions/comments/1nm31sg/commissions_are_open_3/
1nm3f2x,commissions,[question] how do i start selling comms/posting my art work?,buRnMYc0ck,https://reddit.com/r/commissions/comments/1nm3f2x/question_how_do_i_start_selling_commsposting_my/
1nm4qyd,HungryArtists,[Hiring] I would usually spend 30 dollars per art piece with my previous artist.,So_Malevolent,https://reddit.com/r/HungryArtists/comments/1nm4qyd/hiring_i_would_usually_spend_30_dollars_per_art/
1nm5wxj,HungryArtists,"[HIRING] Emergency fullbody mildly NSFW foreshortening heavy OC, graceful female figure but animated/expressive, with piercing eyes, done by September 25th, 200$",MirageOpus,https://reddit.com/r/HungryArtists/comments/1nm5wxj/hiring_emergency_fullbody_mildly_nsfw/
1nm6fw7,ComicBookCollabs,LOOKING FOR ARTIST - READ DESCRIPTION,yunglinc,https://reddit.com/r/ComicBookCollabs/comments/1nm6fw7/looking_for_artist_read_description/
1nm817v,HungryArtists,[Hiring] Looking for an artist for an OC commission! ($35-$65),Careful-Practice-354,https://reddit.com/r/HungryArtists/comments/1nm817v/hiring_looking_for_an_artist_for_an_oc_commission/
1nm8gyx,artcommissions,[Hiring] Looking for artist to design a game character,Dkang4548,https://reddit.com/r/artcommissions/comments/1nm8gyx/hiring_looking_for_artist_to_design_a_game/
1nm93js,HungryArtists,"[HIRING] Romance Fantasy Book Cover Illustrator, Fae/Fairy experience a huge plus. (Budget ~$1,500 USD)",JA_Shepard,https://reddit.com/r/HungryArtists/comments/1nm93js/hiring_romance_fantasy_book_cover_illustrator/
1nm9ab8,ComicBookCollabs,Looking for Writers/ Creators for Advice Regarding the Future of my Comic,PatNMildew,https://reddit.com/r/ComicBookCollabs/comments/1nm9ab8/looking_for_writers_creators_for_advice_regarding/
1nm9swt,commissions,[for hire] COMMISSIONS OPENED ON KO-FI!,Existing-Syrup-3123,https://reddit.com/r/commissions/comments/1nm9swt/for_hire_commissions_opened_on_kofi/
1nmb3f1,HungryArtists,"[FOR HIRE] Illustrator looking for work! Character art, portraits etc.",isleoftrench,https://reddit.com/r/HungryArtists/comments/1nmb3f1/for_hire_illustrator_looking_for_work_character/
1nmbccy,artcommissions,"[Hiring] Hello, I'm looking an artist to draw fanart of this OC.",Student-Mona,https://reddit.com/r/artcommissions/comments/1nmbccy/hiring_hello_im_looking_an_artist_to_draw_fanart/
1nmbszb,DrawForMe,Give me your OC and I'll pick my favorite(s) to make into a 3D model!,Medi-Art,https://reddit.com/r/DrawForMe/comments/1nmbszb/give_me_your_oc_and_ill_pick_my_favorites_to_make/
1nmcqzq,ComicBookCollabs,Looking for Manga/Manhwa Artist Collaboration,Maximum_Honeydew_745,https://reddit.com/r/ComicBookCollabs/comments/1nmcqzq/looking_for_mangamanhwa_artist_collaboration/
1nmcy1w,ComicBookCollabs,Short Fun Manga Collaboration Project.,Broad-Watercress8851,https://reddit.com/r/ComicBookCollabs/comments/1nmcy1w/short_fun_manga_collaboration_project/
1nmfega,Artistsforhire,[Hiring] for a painter USA to paint my dogs I lost unexpectedly for a 4x6 ft or 5 x 7 ft,TheSoapMaurder,https://reddit.com/r/Artistsforhire/comments/1nmfega/hiring_for_a_painter_usa_to_paint_my_dogs_i_lost/
1nmf9be,ComicBookCollabs,Looking for a versatile artist for a potential long-term collaborator (low budget + equity),PermissionNo4771,https://reddit.com/r/ComicBookCollabs/comments/1nmf9be/looking_for_a_versatile_artist_for_a_potential/
1nmdpf6,ComicBookCollabs,"Writer seeking artist for soulful manga/webtoon collab ‚Äî dual souls, slice of life, dreamworld, alternate world, found family",JeremyPBender,https://reddit.com/r/ComicBookCollabs/comments/1nmdpf6/writer_seeking_artist_for_soulful_mangawebtoon/
1nme8u1,starvingartists,[Requesting] looking for toon or semi-toon artist to draw a semi-dynamic digital holiday piece (READ FULL POST OR YOU WILL NOT BE CHOSEN. TIME WASTERS WILL BE TREATED IN KIND),PointBlankPanda,https://reddit.com/r/starvingartists/comments/1nme8u1/requesting_looking_for_toon_or_semitoon_artist_to/
1nmg6nv,HungryArtists,[HIRING] Looking for portraits + pure background art for a Sci-Fi novel I'm working on. (budgeting $100-$200/piece),Sad-Possibility6974,https://reddit.com/r/HungryArtists/comments/1nmg6nv/hiring_looking_for_portraits_pure_background_art/
1nmgng3,ComicBookCollabs,Hey I‚Äôm looking for an illustrator for hire,Carsonian12,https://reddit.com/r/ComicBookCollabs/comments/1nmgng3/hey_im_looking_for_an_illustrator_for_hire/
1nmicbi,HungryArtists,[Hiring] for a Black and White Comic/Manga artist for a short term - long term gig,Front-Author-781,https://reddit.com/r/HungryArtists/comments/1nmicbi/hiring_for_a_black_and_white_comicmanga_artist/
1nmjgqz,HungryArtists,[hiring] $150USD WATERCOLOR AND SCAN -- can someone create this in watercolor? Scan and original copy match the dimensions maybe 12inches wide and whatever height to match the dimensions. Willing to pay up to $150USD VENMO,SensitiveBug9485,https://reddit.com/r/HungryArtists/comments/1nmjgqz/hiring_150usd_watercolor_and_scan_can_someone/
1nmk9q2,DrawForMe,Looking for drawing ideas. I prefer drawing people. I'll draw the first 10 pictures over the next 10 days.,CD_B_,https://reddit.com/r/DrawForMe/comments/1nmk9q2/looking_for_drawing_ideas_i_prefer_drawing_people/
1nmkvlw,HungryArtists,"[HIRING] $50 per page, celeb comic NSFW (bj‚Äôs, bondage)",No-Necessary2871,https://reddit.com/r/HungryArtists/comments/1nmkvlw/hiring_50_per_page_celeb_comic_nsfw_bjs_bondage/
1nmkuek,artcommissions,"[hiring] looking for an artist that can do smth as detailed and good as this. For High school marching band, for 75 to 80 USD$",ApolloSoyuz1975,https://reddit.com/r/artcommissions/comments/1nmkuek/hiring_looking_for_an_artist_that_can_do_smth_as/
1nmkv98,starvingartists,"[HIRING] $50 per page, celeb comic NSFW (bj‚Äôs, bondage)",No-Necessary2871,https://reddit.com/r/starvingartists/comments/1nmkv98/hiring_50_per_page_celeb_comic_nsfw_bjs_bondage/
1nml30e,DesignJobs,[Hiring]Looking for a Website Designer for Japan Travel Agency (Equity-Based Compensation),Unhappy_Coyote_2656,https://reddit.com/r/DesignJobs/comments/1nml30e/hiringlooking_for_a_website_designer_for_japan/
1nmlglc,HungryArtists,[HIRING] NSFW - Manga / Manwha Artist for GenderBender Story,DaddyDomDE,https://reddit.com/r/HungryArtists/comments/1nmlglc/hiring_nsfw_manga_manwha_artist_for_genderbender/
1nmlqmt,HungryArtists,[HIRING] Looking for someone to design a small simple tattoo :) $20AUD budget,kiarabee23,https://reddit.com/r/HungryArtists/comments/1nmlqmt/hiring_looking_for_someone_to_design_a_small/
1nmls03,DesignJobs,[Hiring] Product Label Designer,New-Stand-2240,https://reddit.com/r/DesignJobs/comments/1nmls03/hiring_product_label_designer/
1nmmu1y,HungryArtists,[for hire] Doing 2d and 3d Comissions,LotlKing47,https://reddit.com/r/HungryArtists/comments/1nmmu1y/for_hire_doing_2d_and_3d_comissions/
1nmnzoa,DesignJobs,[HIRING] Experienced Product Designer (websites/ mobile apps/ web applications) open to opportunities üöÄ,Hot-Passage-8788,https://reddit.com/r/DesignJobs/comments/1nmnzoa/hiring_experienced_product_designer_websites/
1nmoiww,artcommissions,[Hiring] Looking for a book cover artist,i_lick_chairs,https://reddit.com/r/artcommissions/comments/1nmoiww/hiring_looking_for_a_book_cover_artist/
1nmobji,artstore,[for hire] character artist  looking for work !,GummyGumShoe,https://reddit.com/r/artstore/comments/1nmobji/for_hire_character_artist_looking_for_work/
1nmozud,ComicBookCollabs,Mangaka assistant looking for more work!,shuzukeeh,https://reddit.com/r/ComicBookCollabs/comments/1nmozud/mangaka_assistant_looking_for_more_work/
1nmpatp,hireanartist,Hiring goosebumps/are you afraid of the dark style monster,Dramatic-Life-7615,https://reddit.com/r/hireanartist/comments/1nmpatp/hiring_goosebumpsare_you_afraid_of_the_dark_style/
1nmpug0,Artistsforhire,"[hiring] Comic Creation, Artist Needed",Temporary-Ice6916,https://reddit.com/r/Artistsforhire/comments/1nmpug0/hiring_comic_creation_artist_needed/
1nmq9ko,commissions,gun designers needed 30 USD [Hiring],Magnum-12-Scales,https://reddit.com/r/commissions/comments/1nmq9ko/gun_designers_needed_30_usd_hiring/
1nmrapp,CatsWithDogs,My two youngest looking for trouble,Aninoumen,https://reddit.com/r/CatsWithDogs/comments/1nmrapp/my_two_youngest_looking_for_trouble/
1nmrixm,commissions,[Hiring] Dr.Ratio from Honkai Star Rail,DragonixSco,https://reddit.com/r/commissions/comments/1nmrixm/hiring_drratio_from_honkai_star_rail/
1nmrr2j,hireanartist,Looking For An Artist Who Can Help Me Practice Drawing Basic Shapes,Sean12434,https://reddit.com/r/hireanartist/comments/1nmrr2j/looking_for_an_artist_who_can_help_me_practice/
1nmryic,DrawForMe,Looking for Teammates for NASA Space Apps Hackathon,Prudent_Garbage_2871,https://reddit.com/r/DrawForMe/comments/1nmryic/looking_for_teammates_for_nasa_space_apps/
1nms5kc,hireanartist,Artist looking for work,GummyGumShoe,https://reddit.com/r/hireanartist/comments/1nms5kc/artist_looking_for_work/
1nmtrw3,DrawForMe,Ill sketch your oc! :3,zeepeppo,https://reddit.com/r/DrawForMe/comments/1nmtrw3/ill_sketch_your_oc_3/
1nmto98,starvingartists,[Requesting] Looking for a logo for my cat sitting business. Budget 35USD.,Wide-Librarian216,https://reddit.com/r/starvingartists/comments/1nmto98/requesting_looking_for_a_logo_for_my_cat_sitting/
1nmuk27,ComicBookCollabs,This subreddit is a joke,yunglinc,https://reddit.com/r/ComicBookCollabs/comments/1nmuk27/this_subreddit_is_a_joke/
1nmuy7g,commissions,[HIRING] NSFW / Adult Entertainment Content Creator ‚Äì Paid,WhiteOceanLocal,https://reddit.com/r/commissions/comments/1nmuy7g/hiring_nsfw_adult_entertainment_content_creator/
1nmvceb,artcommission,[HIRING] NSFW / Adult Entertainment Content Creator ‚Äì,WhiteOceanLocal,https://reddit.com/r/artcommission/comments/1nmvceb/hiring_nsfw_adult_entertainment_content_creator/
1nmvceb,Artcommission,[HIRING] NSFW / Adult Entertainment Content Creator ‚Äì,WhiteOceanLocal,https://reddit.com/r/artcommission/comments/1nmvceb/hiring_nsfw_adult_entertainment_content_creator/
1nmvb6h,Artistsforhire,[HIRING] NSFW / Adult Entertainment Content Creator ‚Äì Paid,WhiteOceanLocal,https://reddit.com/r/Artistsforhire/comments/1nmvb6h/hiring_nsfw_adult_entertainment_content_creator/
1nmv1y8,hireanartist,NSFW / Adult Entertainment Content Creator ‚Äì Paid,WhiteOceanLocal,https://reddit.com/r/hireanartist/comments/1nmv1y8/nsfw_adult_entertainment_content_creator_paid/
1nmvd1h,ComicBookCollabs,Looking for an manhwa artist!!!,No_Sir4779,https://reddit.com/r/ComicBookCollabs/comments/1nmvd1h/looking_for_an_manhwa_artist/
1nmvt6r,HungryArtists,[for hire] A commission based writing service for all your written needs!,WynterWrites,https://reddit.com/r/HungryArtists/comments/1nmvt6r/for_hire_a_commission_based_writing_service_for/
1nmvsmp,commissions,[for hire] A commission based writing service for all your written needs!,WynterWrites,https://reddit.com/r/commissions/comments/1nmvsmp/for_hire_a_commission_based_writing_service_for/
1nmvum2,Artistsforhire,[for hire] A commission based writing service!,WynterWrites,https://reddit.com/r/Artistsforhire/comments/1nmvum2/for_hire_a_commission_based_writing_service/
1nmvyok,ComicBookCollabs,"Hi everyone! Im a Comic Artist looking for work and projects, lets work on your amazing stories together!",Hyuga_Ziegen,https://reddit.com/r/ComicBookCollabs/comments/1nmvyok/hi_everyone_im_a_comic_artist_looking_for_work/
1nmvv41,FurryCommissions,A commission based story writing service!,WynterWrites,https://reddit.com/r/FurryCommissions/comments/1nmvv41/a_commission_based_story_writing_service/
1nmwk32,HungryArtists,"[HIRING] Pro Artist for Character + Scene (Mobile App Asset $800-$1,200 $USD)",TheLadyOracle,https://reddit.com/r/HungryArtists/comments/1nmwk32/hiring_pro_artist_for_character_scene_mobile_app/
1nmwdhf,artcommissions,[Hiring] Looking for an illustrator to make me a wallpaper mixing manga Berserk fantasy with the style of Frank Frazetta.,Best_Detective1900,https://reddit.com/r/artcommissions/comments/1nmwdhf/hiring_looking_for_an_illustrator_to_make_me_a/
1nmx3bs,artcommissions,[Hiring]Looking for a Canadian artist to make some characters for my YouTube channel,Baba0Booey,https://reddit.com/r/artcommissions/comments/1nmx3bs/hiringlooking_for_a_canadian_artist_to_make_some/
1nmxppl,FurryCommissions,Looking for a digital artist who can do a male feral dragon reference.,EnderDragonCrafter01,https://reddit.com/r/FurryCommissions/comments/1nmxppl/looking_for_a_digital_artist_who_can_do_a_male/
1nn0gjc,FurryCommissions,Looking for someone to do a specific type of animation :3,ClarinaTheMegaFloof,https://reddit.com/r/FurryCommissions/comments/1nn0gjc/looking_for_someone_to_do_a_specific_type_of/
1nn12a8,commissions,Looking to commission a realistic family portrait [hiring],Ok_Guarantee_2336,https://reddit.com/r/commissions/comments/1nn12a8/looking_to_commission_a_realistic_family_portrait/
1nn0zq4,commissions,"[Hiring] Need artist to draw an illustration of two characters from ""There's No Freaking Way I'll be Your Lover! Unless...""",SeahawksFanSince1995,https://reddit.com/r/commissions/comments/1nn0zq4/hiring_need_artist_to_draw_an_illustration_of_two/
1nn1vpg,artcommissions,Hiring - LF CSGO commission?,ZaknefeinDoUrden,https://reddit.com/r/artcommissions/comments/1nn1vpg/hiring_lf_csgo_commission/
1nn2woz,HungryArtists,[HIRING] Looking for an Artist to draw/help design a Kitsune Druid for Pathfinder 2e [$100+],UnluckyOldManOfHerbs,https://reddit.com/r/HungryArtists/comments/1nn2woz/hiring_looking_for_an_artist_to_drawhelp_design_a/
1nn3ege,DrawForMe,Anyone got a unique artstyle/want to showcase your art ? Read below,Loulou_133,https://reddit.com/r/DrawForMe/comments/1nn3ege/anyone_got_a_unique_artstylewant_to_showcase_your/
1nn2qgr,gameDevClassifieds,Hiring a 3d modeller,Icy_Praline_6313,https://reddit.com/r/gameDevClassifieds/comments/1nn2qgr/hiring_a_3d_modeller/
1nmzivj,gameDevClassifieds,[PAID] 2D Illustrator for Kids' Interactive Game,cardero_games,https://reddit.com/r/gameDevClassifieds/comments/1nmzivj/paid_2d_illustrator_for_kids_interactive_game/
1nn3pm9,FurryCommissions,"Looking for someone to help make designs/textures for my commission of a model for my bnnuy, 2nd pic is my first design and 1st is the wip of the sheet, 3rd is the wip of the model with the other pics being the general aesthetic of what i want",auraLT,https://reddit.com/r/FurryCommissions/comments/1nn3pm9/looking_for_someone_to_help_make_designstextures/
1nn47qd,artcommissions,[FOR HIRE] Digital Artist looking for commissions~~ (Illustrations / Pngtubers / Graphic Design) More info in comments.,Albis_Lunary,https://reddit.com/r/artcommissions/comments/1nn47qd/for_hire_digital_artist_looking_for_commissions/
1nn5lj4,ComicBookCollabs,In need of a writer,Valuable_Cap_4326,https://reddit.com/r/ComicBookCollabs/comments/1nn5lj4/in_need_of_a_writer/
1nn6q8e,Artistsforhire,[FOR HIRE] Digital Artist specializing in Pok√©mon &amp; similar styles,Miserable-Pudding-22,https://reddit.com/r/Artistsforhire/comments/1nn6q8e/for_hire_digital_artist_specializing_in_pok√©mon/
1nn96da,artcommissions,[Hiring] 2D artist for chatbot avatar,Colesworker,https://reddit.com/r/artcommissions/comments/1nn96da/hiring_2d_artist_for_chatbot_avatar/
1nn8vqa,ComicBookCollabs,Looking for a writer in Milwaukee for a comic book.,Goat647,https://reddit.com/r/ComicBookCollabs/comments/1nn8vqa/looking_for_a_writer_in_milwaukee_for_a_comic_book/
1nn8xgi,dndcommissions,[FOR HIRE] 2D Artist looking for work!,collegeartist1,https://reddit.com/r/dndcommissions/comments/1nn8xgi/for_hire_2d_artist_looking_for_work/
1nn9p20,starvingartists,[FOR HIRE] Surrealist~ artist looking for any kind of work,fetishcomics,https://reddit.com/r/starvingartists/comments/1nn9p20/for_hire_surrealist_artist_looking_for_any_kind/
1nna5yj,DesignJobs,[For Hire] Looking for Paid Web Development Opportunities ($100‚Äì$200 range),espoir842,https://reddit.com/r/DesignJobs/comments/1nna5yj/for_hire_looking_for_paid_web_development/
1nnay7n,gameDevClassifieds,"[For Hire] 3D Artist, lookin to vibe with a sick project(s)!",NotGreatBlacksmith,https://reddit.com/r/gameDevClassifieds/comments/1nnay7n/for_hire_3d_artist_lookin_to_vibe_with_a_sick/
1nnbpv8,artcommissions,[Hiring],eliiz04,https://reddit.com/r/artcommissions/comments/1nnbpv8/hiring/
1nnczve,hireanartist,Artist Available for hiring.,Klutzy_Panda0,https://reddit.com/r/hireanartist/comments/1nnczve/artist_available_for_hiring/
1nneb23,commissions,"""[question]"" ""[Hiring]"": Is there such thing as an existing character design concept artist for commissions specifically?",Possible-Training-53,https://reddit.com/r/commissions/comments/1nneb23/question_hiring_is_there_such_thing_as_an/
1nne8he,commissions,[Hiring] Looking for someone to draw three Yaelokre-esque characters,skibidi_rizzler420,https://reddit.com/r/commissions/comments/1nne8he/hiring_looking_for_someone_to_draw_three/
1nne9q5,gameDevClassifieds,Recruiting a team for a 2-player VN,Oboretai,https://reddit.com/r/gameDevClassifieds/comments/1nne9q5/recruiting_a_team_for_a_2player_vn/
1nnfu3i,HungryArtists,[HIRING] Looking for NSFW Fetish Art Assistants [$30-$100/project],SirSourPlum,https://reddit.com/r/HungryArtists/comments/1nnfu3i/hiring_looking_for_nsfw_fetish_art_assistants/
1nnf591,commissions,[Hiring] Looking to edit a song thats already,xojavi_ugjuj,https://reddit.com/r/commissions/comments/1nnf591/hiring_looking_to_edit_a_song_thats_already/
1nnf4t2,DesignJobs,[Hiring] Product Label Designer,New-Stand-2240,https://reddit.com/r/DesignJobs/comments/1nnf4t2/hiring_product_label_designer/
1nnfhec,gameDevClassifieds,[For Hire] Professional Unity Developer | Prototyping &amp; Gameplay Mechanics Specialist,Legitimate-Finish-74,https://reddit.com/r/gameDevClassifieds/comments/1nnfhec/for_hire_professional_unity_developer_prototyping/
1nnf5so,gameDevClassifieds,"[Paid[Hiring] Looking for Filipino Artist, Animator &amp; Designer for Game",Technical-Cap-3998,https://reddit.com/r/gameDevClassifieds/comments/1nnf5so/paidhiring_looking_for_filipino_artist_animator/
1nng02b,commissions,[FOR HIRE] 3D Stylized Props/Environment Artist,qwedeath,https://reddit.com/r/commissions/comments/1nng02b/for_hire_3d_stylized_propsenvironment_artist/
1nnfzhl,DesignJobs,[For Hire] Professional Modern Logo Design &amp; Brand Style Guide Creation,MrNobodyX3,https://reddit.com/r/DesignJobs/comments/1nnfzhl/for_hire_professional_modern_logo_design_brand/
1nnfzrd,gameDevClassifieds,[FOR HIRE] 3D Stylized Props/Environment Artist,qwedeath,https://reddit.com/r/gameDevClassifieds/comments/1nnfzrd/for_hire_3d_stylized_propsenvironment_artist/
1nng3rw,artcommissions,"[For hire] emergency comss, artslave for1 month only for 250usd",tinsillust,https://reddit.com/r/artcommissions/comments/1nng3rw/for_hire_emergency_comss_artslave_for1_month_only/
1nng9sx,DesignJobs,[Hiring] Need Help Editing Our SVG Logo,LeRoyaleTS,https://reddit.com/r/DesignJobs/comments/1nng9sx/hiring_need_help_editing_our_svg_logo/
1nnh2d3,artcommissions,Looking for Pixel Artist / Animator ‚Äì Infinity: Ouroboros of Eternity (Indie ATRPG Project),mushymoochy92,https://reddit.com/r/artcommissions/comments/1nnh2d3/looking_for_pixel_artist_animator_infinity/
1nnh0xj,gameDevClassifieds,Looking for Pixel Artist / Animator ‚Äì Infinity: Ouroboros of Eternity (Indie ATRPG Project),mushymoochy92,https://reddit.com/r/gameDevClassifieds/comments/1nnh0xj/looking_for_pixel_artist_animator_infinity/
1nnh9ja,DesignJobs,[HIRING] Web App Designer&amp;Framer Expert,Colesworker,https://reddit.com/r/DesignJobs/comments/1nnh9ja/hiring_web_app_designerframer_expert/
1nnhewp,HungryArtists,[Hiring] Fetish Image Of A Couple,blindoptimism99,https://reddit.com/r/HungryArtists/comments/1nnhewp/hiring_fetish_image_of_a_couple/
1nnhwed,ComicBookCollabs,In need of an artist,SnxwBunn,https://reddit.com/r/ComicBookCollabs/comments/1nnhwed/in_need_of_an_artist/
1nniqfc,gameDevClassifieds,[PAID] Looking for Trailer Editor (Full-Stack: Capture + Edit),InsectoidDeveloper,https://reddit.com/r/gameDevClassifieds/comments/1nniqfc/paid_looking_for_trailer_editor_fullstack_capture/
